{
  "currentFrameRate": 110.729,
  "gestures": [],
  "hands": [],
  "id": 12605,
  "interactionBox": {
    "center": [
      0,
      200,
      0
    ],
    "size": [
      221.418,
      221.418,
      154.742
    ]
  },
  "pointables": [
    {
      "direction": [
        -0.224376,
        0.447871,
        -0.865486
      ],
      "handId": -1,
      "id": 37,
      "length": 35.9152,
      "stabilizedTipPosition": [
        47.9568,
        76.8317,
        83.4367
      ],
      "timeVisible": 0.117427,
      "tipPosition": [
        49.6937,
        76.0022,
        84.5641
      ],
      "tipVelocity": [
        76.8193,
        -44.5347,
        26.3431
      ],
      "tool": false,
      "touchDistance": 0.333333,
      "touchZone": "hovering"
    }
  ],
  "r": [
    [
      -0.261372,
      -0.184806,
      -0.947381
    ],
    [
      0.417546,
      0.863267,
      -0.283594
    ],
    [
      0.870253,
      -0.469699,
      -0.148469
    ]
  ],
  "s": -0.31537,
  "t": [
    273.746,
    -169.44,
    -85.1682
  ],
  "timestamp": 431314269
}
